date,534541,47027,30213,59288,14392,19597,45086,12437,540732,46204,534435,10722376,541454,22788,548430,22555,11279191,22539,38498,22768,548450,19671,22807,548454,546255,22828,547449,10509791,545629,10952
20000201,19071.06,12.73,267.48089,38.74117647,5.6875,25.4035,11289652,1.67583,14.27507,2820468,1.134,15.74,4.56,1900,20365.5,4448.84807,3.45,100,103.45742,961,129748.83,111.5,1786,272149.94,699.47,439,104.67,16.48,13.08,8.00623
20000301,22223.94,12.73,268.98981,39.26470588,5.9375,27.633,12156890,1.70175,14.25326,1330213,1.444,15.75,4.56,1890,20144.89,4468.03983,3.56,97.35228,105.10912,950,122607.61,113.25,1750,261656.61,699.47,431,100.72,16.17,14.66,8.2091
20000401,23177.78,13.5,269.42904,39.26470588,6,27.5956,11801976,1.71406,14.28514,2554922,1.612,15.78,4.56,2091,20431.69,4484.25294,3.74,95.25874,105.73986,1020,130197.71,112.4,1895,277396.6,699.47,434,100.72,15.86,11.27,8.38826
20000501,20849.68,13.5,270.42378,39.26470588,6,22.845,11984532,1.7081,14.28443,1712977,1.761,15.77,4.56,2029,20277.26,4506.54207,3.8,92.77604,103.99441,958,125894.46,112,1792,270838.27,698.78,445,99.14,15.47,12.86,8.66177
20000601,20029.62,12.47,271.39603,39.78823529,6,27.3375,11477215,1.72843,14.32377,1055913,2.15,15.77,4.6,2079,20453.75,4575.6657,3.93,88.58156,105.9126,915,133052.88,116.5,1679,278708.27,698.78,476,99.14,15.49,11.43,9.1105
20000701,21744.27,11.96,271.62426,39.26470588,6,29.8048,11324817,1.72878,14.35227,1139108,2.093,15.77,4.6,2014,20343.44,4580.38359,4.1,93.18391,105.37493,927,128969.59,118,1595,272149.94,698.08,519,99.14,15.11,13.46,8.72126
20000801,22700.76,11.96,272.31336,40.31176471,6,28.8515,11166506,1.73972,14.36969,554058,2.301,15.77,4.6,2212,20475.81,4574.27699,4.12,92.47556,108.25319,922,128683.37,116.25,1765,278708.27,698.08,472,97.57,15.16,13.9,8.72343
20000901,23042.59,13.5,272.60863,40.83529412,6,29.164,10995315,1.7191,14.39419,1145281,2.321,15.79,4.6,2170,20475.81,4553.49892,4.33,89.42391,109.01985,918,131194.51,114,1865,280019.93,698.08,471,95.99,14.63,13.68,8.93903
20001001,24774.45,14.01,273.39099,40.83529412,6,33.3028,11008201,1.7367,14.40608,179871,2.509,15.82,4.74,2075,20365.5,4549.34082,4.48,85.85601,109.31815,888,128273.9,123.6,1830,270838.27,697.39,460,95.99,14.69,16.47,9.21058
20001101,25919.48,13.5,274.41587,41.88235294,6,30.995,10176883,1.7528,14.41782,1048186,2.682,15.82,4.74,2097,20541.99,4538.27723,4.5,83.74917,109.95652,968,131658.61,131,1852,278708.27,697.39,452,95.99,14.74,15.54,9.41132
20001201,24114.78,13.5,274.7073,42.40588235,6,32.3175,10360583,1.74815,14.42043,844917,2.607,15.8,4.74,2162,20431.69,4538.27645,4.66,84.12108,109.60268,879,126374.62,130.25,1760,270838.27,697.39,449,95.21,14.71,15.76,9.3466
20010101,21968.25,13.5,275.25719,42.40588235,6,26.5216,10392075,1.7382,14.44602,930833,2.684,15.78,5.06,2274,20630.24,4485.38019,4.75,88.35408,109.60268,924,125793.37,131.2,1752,278708.27,698.08,450,95.21,14.77,17.67,9.09448
20010201,19390.8,12.47,275.02659,41.88235294,6,25.323,10219504,1.73792,14.46917,654294,2.821,15.78,5.18,2220,20541.99,4331.82,4.7,92.58885,108.67169,939,134487.56,135.75,1868,278708.27,698.08,453,94.42,14.82,18.87,8.75712
20010301,18524.36,12.47,276.96791,41.88235294,5.8125,27.6825,9881651,1.74303,14.406,731451,2.966,15.77,5.18,2046,20189.01,4281.89926,4.71,90.40171,109.1083,871,123347.74,131.25,1701,256409.95,700.86,432,94.42,15.19,18.16,8.94238
20010401,18241.62,12.47,278.43707,43.45294118,5.75,24.6088,9491838,1.77288,14.42446,663142,3.343,15.77,5.23,2300,20431.69,4205.83202,4.86,89.33573,110.57924,914,131248.4,131,1880,280019.93,700.16,453,94.42,15.24,18.87,8.99854
20010501,18838.23,12.47,280.80031,42.40588235,5.5,25.5795,8528570,1.7837,14.36227,1572622,3.837,15.77,5.31,2172,20255.2,4145.78884,4.87,88.19734,110.39541,887,125060.43,131.75,1820,270838.27,700.16,451,94.42,15.29,18.22,9.06568
20010601,18206.09,12.47,281.39139,42.40588235,5.3125,28.1765,9637532,1.81142,14.3335,554883,3.683,15.77,5.34,2326,20431.69,4083.72319,4.93,86.59146,109.76467,925,130746.27,136,1708,277396.6,702.94,449,94.42,15.04,14.06,9.11843
20010701,15026.64,12.99,282.28793,42.92941176,5.25,28.004,9643829,1.81592,14.29711,532778,3.926,15.77,5.35,2197,20365.5,4048.12727,4.97,83.85015,107.93834,919,126499,130,1650,249851.62,702.94,481,94.42,15.09,16.8,9.31154
20010801,11786.78,12.47,283.58292,42.92941176,5.25,24.6345,9024234,1.82218,14.27508,1769221,4.138,15.77,5.35,2257,20519.93,4034.65239,4.99,84.62599,107.93834,854,132606.81,127.33333,1700,240669.95,702.94,463,94.42,15.4,19.48,9.26618
20010901,10977.11,10.42,285.4069,38.21764706,5,25.578,9163558,1.76124,14.24588,726254,4.695,15.77,5.34,2221,20564.05,3996.8836,5.07,88.78008,104.7522,850,128563.5,127,1800,235423.29,702.94,460,94.42,15.86,19.04,8.93686
20011001,11307.57,10.42,285.96375,39.26470588,4.875,25.6195,9431435,1.74777,14.23101,208676,4.599,15.77,5.25,2258,20431.69,3895.67225,5.18,89.82291,104.11115,817,125900.46,126.25,1876,234111.62,702.94,455,94.42,15.87,19.04,8.77283
20011101,11101.64,10.16,287.87046,39.26470588,4.5,20.589,8236504,1.81088,14.20482,802347,4.903,15.76,5.21,2299,20564.05,3797.33946,5.15,89.01998,104.11115,866,130856,127.25,1905,244604.95,702.94,472,94.42,16.18,20.68,8.83843
20011201,11099.7,12,287.81834,38.74117647,4.1,18.9652,8065778,1.83066,14.22275,369017,4.773,15.75,4.94,2069,20409.63,3758.20433,5.1,87.59784,101.58628,777,126226.57,129.4,1890,240669.95,702.94,473,94.42,16.07,20.13,8.91964
20020101,10980.21,12,287.39661,37.69411765,4,18.6675,7724050,1.83758,14.19608,344129,4.41,15.74,4.76,1998,20519.93,3740.20672,5.1,87.90346,100.09886,846,124868.7,125.25,1957,251163.28,702.94,476,94.42,16.72,20.73,8.95857
20020201,12207.61,12,287.16799,37.17058824,4,19.4545,7896744,1.8418,14.22869,737786,4.415,14.1,4.76,2104,20564.05,3728.52431,5.08,87.50031,99.46432,812,127340.57,130,2039,265591.61,707.1,452,93.62,16.95,20.52,8.93527
20020301,13832.9,12.3,289.2005,36.90882353,4,20.055,7216948,1.83137,14.14486,1096466,4.417,13.94,4.83,2037,20211.08,3744.86235,4.97,85.53921,97.38981,768,124450.61,127,1836,259033.28,707.1,447,93.62,16.95,22.38,8.98878
20020401,13259.81,12.3,289.74292,36.90882353,4,23.1528,7375690,1.83386,14.15583,886662,4.06,14.04,4.8,2327,20608.18,3772.16333,5.02,86.31512,98.02663,871,127281.92,125.8,2027,286578.26,707.1,490,93.62,17.17,20.41,8.81974
20020501,11589.07,12.3,291.03839,36.12352941,4,25.61,7206567,1.82755,14.14636,3616754,3.646,13.81,4.74,2249,20431.69,3773.67699,4.99,87.56927,97.74772,833,130925.48,125.25,1852,280019.93,706.41,447,93.62,17.17,20.13,8.58253
20020601,11576.42,12.3,291.59291,36.12352941,4,25.4892,8831082,1.80528,14.16992,987091,3.625,13.26,4.72,2371,20564.05,3757.62543,5.05,90.15542,98.58174,799,123993.83,123.8,1958,287889.93,706.41,490,93.62,17.17,19.48,8.20902
20020701,11170.77,12.3,292.75183,36.12352941,4,24.0605,8653070,1.78115,14.16313,2927107,3.707,13.26,4.54,2308,20343.44,3746.40028,4.94,94.28339,99.39086,802,112375.31,135.5,1975,280019.93,706.41,470,93.62,17.17,18.55,7.74235
20020801,11027.58,12.3,293.23084,35.6,4,25.725,10260372,1.75073,14.17995,1394942,3.402,13.2,4.38,2367,20541.99,3726.1267,4.88,97.97788,99.00065,821,145741.45,151.25,2021,286578.26,705.71,469,92.04,17.4,19.31,7.44345
20020901,14373.53,12.3,293.85385,35.6,4,26.5504,10182998,1.75506,14.16922,1753807,2.96,14.61,4.3,2355,20519.93,3724.47793,4.91,96.66954,98.65027,774,141107.9,165.2,2095,287889.93,705.71,472,92.04,17.4,17.94,7.60492
20021001,16786.63,12.3,294.15826,36.64705882,4,28.364,10358996,1.76563,14.17916,2955313,2.866,15.26,4.34,2367,20365.5,3703.45556,4.94,99.21357,98.89615,804,137631.41,191.75,2022,278708.27,705.71,487,90.46,17.62,19.42,7.4808
20021101,18913.07,12,294.37578,37.17058824,4,28.0325,10741789,1.7848,14.20448,2593088,2.26,15.06,4.51,2431,20541.99,3710.38555,5,97.87862,99.14431,797,131090.78,194,2143,286578.26,705.02,498,90.46,17.62,20.24,7.49343
20021201,21860.85,12.6,294.58191,37.69411765,4,24.5196,11708093,1.76456,14.21082,645770,2.35,14.94,4.51,2371,20453.75,3654.86445,4.91,98.45866,99.37827,784,129674.23,183.25,2104,282643.26,706.41,503,88.88,17.62,18.11,7.33008
20030101,21411.17,13.2,294.81398,37.95588235,4,28.3205,11708093,1.75475,14.24191,2744507,2.581,15.03,4.51,2343,20674.36,3646.91908,4.98,100.3128,100.28224,784,127960.87,164.75,2243,291824.93,705.71,506,87.29,17.62,18.71,7.2389
20030201,21877.11,13.8,294.87316,39.26470588,4,31.132,12228627,1.73684,14.28361,4622018,2.683,14.09,4.54,2334,20762.61,3639.21861,5.07,104.31467,103.48276,784,133797.68,154.8,2263,291824.93,708.49,502,86.5,17.51,20.63,6.92258
20030301,24770.95,13.8,296.23526,39.78823529,3.75,32.771,12826845,1.74388,14.27803,1685508,2.432,13.78,4.56,2191,20387.57,3634.71831,4.97,106.47275,104.2575,708,131131.65,153.75,2098,269526.61,714.73,501,85.7,17.51,21.5,7.01103
20030401,26853.08,15,296.50629,40.31176471,3.75,30.7405,13520870,1.7547,14.32556,3064427,2.334,13.43,4.5,2575,20872.91,3621.62441,5.07,106.40034,105.60701,785,131451.58,145,2314,295759.92,720.97,624,84.91,17.51,18.38,7.26975
20030501,28140.52,15,297.44196,40.31176471,3.75,25.4645,14263426,1.77477,14.34311,2801584,2.2,13.04,4.41,2463,20784.67,3624.45062,5.15,107.09096,105.60701,855,133792.34,143,2157,289201.59,722.36,535,84.11,17.51,18.55,7.21965
20030601,27653.55,15,298.0368,40.31176471,3.75,25.5648,15149918,1.73594,14.36597,2445395,2.21,12.97,4.4,2441,20939.09,3617.98569,5.19,113.66617,105.98156,880,133371.11,147.75,2212,297071.59,724.44,543,84.11,17.73,34.9,6.81594
20030701,25741.81,15,298.62621,40.31176471,3.75,27.5915,14965580,1.73592,14.3885,5715320,2.007,12.98,4.47,2431,20784.67,3592.84321,5.33,115.04396,105.8774,824,126794.93,135,2112,287889.93,727.21,543,84.11,17.96,15.43,7.02377
20030801,29393.19,18,299.59202,40.83529412,3.5625,28.3965,16477542,1.75338,14.41607,3860653,2.169,12.9,4.49,2611,20806.73,3599.50278,5.35,112.15241,107.84478,899,127605.4,133.2,2223,291824.93,727.91,579,82.52,18.07,14.83,7.29697
20030901,33262.18,18,299.79651,42.40588235,3.5,29.6248,17929308,1.7509,14.44134,608393,2.022,12.94,4.58,2532,20961.16,3607.89721,5.36,109.93838,109.26207,813,125342.83,154.5,2234,278708.27,743.16,595,81.72,18.29,14.61,7.38684
20031001,57218.16,19.2,300.66226,44.5,3.5,27.0305,17405487,1.7475,14.47572,1780098,2.211,13.37,4.7,2392,20850.85,3609.9337,5.51,110.50959,112.01372,774,137835.81,153.2,2201,270838.27,744.55,594,80.13,18.29,18.98,7.2949
20031101,58193.13,24,301.2337,45.54705882,3.5,29.4736,18017966,1.73254,14.51361,4349338,2.33,13.17,4.77,2425,21115.58,3611.62885,5.55,115.45352,115.00117,910,142266.73,149.5,2210,281331.6,757.73,625,76.95,18.29,21.56,7.02524
20031201,63371,25.2,302.09308,50.25882353,3.75,28.7525,19006521,1.72737,14.54314,1103386,2.55,13.22,4.99,2524,21027.34,3619.88818,5.74,115.64986,119.99564,892,129373.86,166.8,2206,282643.26,761.89,624,76.95,18.07,19.37,6.9856
20040101,72830.65,26.4,302.57695,50.25882353,3.75,29.764,18870674,1.71161,14.58352,4685953,2.633,13.35,5.35,2623,21247.95,3618.89765,5.79,120.75688,121.53169,948,121596.19,171.8,2320,295759.92,769.52,650,76.16,17.51,15.37,6.74217
20040201,72051.63,37.2,303.04552,52.35294118,3.75,31.0708,20737014,1.69588,14.61294,3015848,2.771,13.08,5.69,2641,21380.32,3611.52958,5.9,124.1664,128.97007,872,143249.61,169,2320,293136.59,775.76,708,76.16,17.51,13.79,6.7503
20040301,60914.72,38.4,304.67574,52.35294118,4,30.8585,20848225,1.68805,14.61328,1836566,2.849,13.13,6.05,2534,21005.28,3609.29235,5.99,124.43536,131.37534,815,130927.26,162.66667,2158,280019.93,777.15,687,72.2,16.95,15.76,6.97372
20040401,50415.03,38.4,305.60629,54.97058824,4,33.811,20446523,1.70172,14.57443,4084311,3.069,13.17,6.69,2744,21358.26,3605.83023,6.12,120.34186,137.40186,768,143747.26,170.6,2015,298383.26,779.92,730,72.2,16.5,14.01,6.98885
20040501,40277.48,37.2,306.99894,58.63529412,4,33.4548,22470477,1.6859,14.59268,4411103,3.213,13.09,7.07,2515,21159.71,3623.9021,6.23,118.26113,144.21335,727,121606.85,171.75,1873,290513.26,786.85,696,72.2,16.5,13.62,6.88596
20040601,35507.92,33.6,308.06751,57.58823529,4.25,37.596,25084049,1.7086,14.63001,2198173,3.366,13.12,7.36,2420,21358.26,3656.96185,6.33,118.48497,141.70617,826,126569.2,166.75,2059,299694.92,789.63,654,70.6,16.28,13.18,6.81465
20040701,44921.92,28.2,309.95108,58.63529412,4.4375,35.5985,25271367,1.71345,14.65397,2529742,3.792,13.17,7.64,2408,21203.83,3708.16627,6.37,119.57587,137.33556,953,134435.74,157.5,2008,287889.93,789.63,750,70.6,16.28,14.11,6.83767
20040801,52209.82,32.4,311.63652,60.20588235,4.5,37.5976,26033327,1.71374,14.68535,3524051,4.02,13.13,7.8,2573,21424.44,3726.59015,6.4,120.72806,140.24444,893,143777.48,154.25,2099,299694.92,788.93,775,69.01,16.28,13.24,6.92028
20040901,50306.58,36,313.54681,61.77647059,4.75,42.9895,26989058,1.71513,14.69212,1207799,4.587,13.85,7.61,2787,21424.44,3731.8399,6.5,120.00936,143.89272,910,145258.01,148.2,2048,299694.92,787.55,800,68.21,15.15,14.22,6.83185
20041001,53252.97,38.4,314.63301,63.87058824,4.75,42.111,27338570,1.69595,14.73526,3329651,4.647,14.83,7.26,2512,21380.32,3750.13054,6.63,120.08571,147.41475,904,137668.74,156.25,2139,293136.59,789.63,811,68.21,14.7,14.33,6.84452
20041101,69254.67,38.4,316.91881,65.96470588,4.75,49.36,28652643,1.67824,14.72195,2496222,5.207,14.6,7.38,2516,21578.87,3777.36499,6.74,123.03539,155.58536,955,135944.71,155.2,2230,301006.59,788.24,785,66.62,13.58,14.11,6.60152
20041201,73135.17,42,318.2018,67.01176471,4.75,43.0075,28646052,1.6514,14.75482,2058657,5.332,14.48,7.04,2837,21424.44,3820.63153,6.87,128.08798,158.91812,928,139584.72,160.2,2083,293136.59,790.32,850,66.62,12.46,14.72,6.25638
20050101,60694.54,42,321.16764,67.01176471,4.75,39.9652,28988314,1.64064,14.76729,2567301,6.144,14.69,6.98,2569,21578.87,3856.62772,6.94,131.91202,161.109,960,136625.43,160,2085,302318.25,791.02,875,66.62,12.46,18.71,6.1505
20050201,60686.95,48,322.4598,69.10588235,4.75,44.3025,29772248,1.63617,14.79613,11395680,6.406,13.97,7.06,2720,21667.11,3886.05948,7.04,128.97219,169.24846,959,132288.71,157,2149,297071.59,795.18,860,65.04,12.46,15.43,6.28447
20050301,56384.79,50.4,324.3804,69.10588235,4.75,45.194,33733157,1.64097,14.7619,1523413,6.467,13.83,6.77,2429,21049.4,3910.87406,7.07,128.35644,170.54204,891,136511.68,153.75,1940,274773.27,800.03,780,64.25,13.13,19.86,6.3982
20050401,57389.3,50.4,325.53768,71.2,4.75,53.188,34439735,1.62842,14.78589,2188196,6.522,14.07,6.87,2772,21689.17,3948.99952,7.21,130.25295,178.05303,1022,136506.35,156.8,2150,302318.25,802.81,860,64.25,13.13,21.72,6.19175
20050501,47348.04,50.4,328.14794,71.2,4.75,51.8632,33823418,1.65134,14.78631,1410905,6.889,13.96,6.9,2681,21689.17,3967.01159,7.17,127.64415,180.1999,942,139977.51,147.8,2080,291824.93,811.82,830,64.25,13.13,23,6.31304
20050601,30812.54,48,330.20659,71.2,4.75,48.5785,33795819,1.65208,14.78695,1007878,7.186,13.86,6.9,2514,22108.34,3982.7009,7.26,125.10529,181.03324,916,135655,149.25,2150,301006.59,813.9,860,63.46,7.53,24.95,6.35705
20050701,27411.66,47.04,331.9194,64.91764706,4.75,53.37,33665910,1.67035,14.79009,1211557,7.088,13.81,6.87,2179,22152.46,4001.48425,7.25,119.75075,175.75118,944,137775.38,150,2106,291824.93,815.29,850,62.66,7.53,26.86,6.50535
20050801,26769.95,41.4,333.35146,64.91764706,4.75,57.398,33322599,1.67944,14.81094,2586375,6.968,13.44,6.86,2239,22373.07,4037.77273,7.35,118.94288,175.46709,1022,138358.35,148,2180,302318.25,815.29,880,62.66,7.97,31.02,6.56414
20050901,34877.06,39,335.76402,62.3,4.5,63.695,33091747,1.65965,14.79497,1394394,7.086,14.46,6.71,2472,22483.38,4073.45937,7.26,121.35908,170.97536,835,141920.15,156.6,2228,306253.25,814.59,900,61.87,7.97,26.21,6.41803
20051001,41568.44,39,337.41385,61.77647059,4.5,63.268,32542628,1.6814,14.81975,911490,7.24,14.88,6.36,2565,22306.89,4078.76812,7.28,120.69259,168.95606,911,137414.58,167,2153,298383.26,815.29,900,61.87,7.97,26.64,6.37204
20051101,39327.21,39,340.08397,61.77647059,4.5,58.542,31839791,1.68958,14.83561,1428120,7.309,15.01,6.11,2650,22571.62,4129.94205,7.3,118.69905,168.74773,978,138854.23,173.8,2225,307564.92,813.9,900,61.87,7.97,20.35,6.4979
20051201,31262.92,39,342.03744,61.77647059,4.5,55.7195,31874039,1.6972,14.84131,1316663,7.491,14.9,5.72,2647,22439.25,4163.02891,7.31,116.41093,167.25963,903,142204.53,165.75,2227,299694.92,811.82,900,61.87,7.97,18.55,6.61733
20060101,26448.17,33.6,344.23546,61.77647059,4.5,56.3964,31422526,1.67484,14.83241,3322655,7.182,14.96,5.73,2788,22659.87,4180.88481,7.22,116.68481,167.25963,981,144547.07,169.4,2288,311499.92,809.74,950,61.87,7.97,24.45,6.73682
20060201,31822.55,31.8,345.31345,61.77647059,4.5,62.635,32349165,1.63128,14.83716,8414734,7.087,13.94,6.17,2614,22659.87,4193.10336,7.25,119.44287,166.93062,1033,135758.09,169.4,2373,311499.92,804.89,950,61.87,7.97,21.17,6.63973
20060301,32498.06,26.4,348.31291,61.77647059,4.5,60.6655,32554808,1.63017,14.81379,1235341,7.378,14.28,6.58,2308,22086.28,4224.99108,7.18,117.84193,167.27494,904,136252.19,183.5,2140,286578.26,802.81,860,61.87,7.97,24.35,6.72975
20060401,29139.64,26.4,349.6473,62.82352941,4.5,61.8684,32058716,1.61972,14.83661,10595028,7.406,14.37,6.76,2730,22792.23,4248.75104,7.24,118.59018,167.75706,970,146880.73,179.25,2357,312811.58,802.81,1050,61.87,8.2,17.18,6.64758
20060501,26718.95,26.4,351.91937,62.82352941,4.5,70.173,37910263,1.59805,14.78974,2767647,7.244,13.84,7.04,2644,22615.74,4276.547,7.11,121.08815,167.75706,951,133422.65,182.5,2142,307564.92,796.56,1350,61.08,8.42,20.84,6.37765
20060601,28885.3,28.2,354.21043,63.34705882,4.5,69.916,38446159,1.57475,14.77976,2282645,7.269,13.96,7.02,2876,22814.29,4289.05506,7.13,125.85158,170.94282,995,128613.15,204.5,2259,316746.58,795.18,1400,61.08,8.65,20.02,6.09473
20060701,34281.67,31.2,355.282,63.87058824,4.5,68.5912,38871847,1.59232,14.78842,1929456,7.039,14.11,7,2765,22527.5,4325.29593,7.04,124.50925,173.05749,971,142398.26,202.75,2190,306253.25,789.63,1360,61.08,8.65,16.47,6.22262
20060801,43342.47,39.6,357.64748,64.91764706,4.5,73.6205,37990874,1.58163,14.78408,5445970,7.288,13.59,7.03,2892,22836.36,4341.33047,6.94,125.18657,178.23001,955,158230.87,212.75,2224,315434.91,806.97,1350,61.08,7.97,17.73,6.24113
20060901,45572.83,46.8,359.00626,66.48823529,4.75,74.3895,40137077,1.57535,14.80199,1516915,6.922,14.67,6.87,2847,22880.48,4312.79152,6.88,126.15945,181.6076,965,144898.99,199.25,2220,316746.58,804.89,1350,61.08,7.3,18.27,6.23923
20061001,46774.41,48.6,361.0331,69.10588235,4.75,62.8956,39775749,1.57774,14.82098,6329962,7,15.6,6.52,2711,22703.99,4310.00453,6.84,125.49839,184.49433,893,141822.4,212.75,2150,306253.25,804.19,1310,60.28,6.4,19.04,6.46078
20061101,49662.43,48.6,362.85952,70.15294118,4.75,57.9285,43554613,1.5782,14.82857,5846107,6.697,14.16,6.25,2800,23056.97,4306.65338,6.76,124.36147,186.40021,994,146075.59,220.3254,2388,315434.91,810.43,1300,60.28,6.4,17.4,6.65572
20061201,52022.24,48.6,365.10056,71.2,4.9375,57.8865,45191149,1.55763,14.84739,12481072,6.743,13.28,6.43,2083,22880.48,4303.38923,6.76,126.40083,186.58404,968,142442.69,219.25,2403,307564.92,808.35,1300,59.48,6.4,19.86,6.42687
20070101,56724.53,51.6,366.86723,71.2,5,62.3616,51874421,1.53841,14.8446,19048185,6.575,13.54,6.76,2960,23145.21,4299.80983,6.64,130.16034,187.10487,999,137853.58,215.5,2588,315434.91,805.58,1350,59.48,6.63,20.19,6.18321
20070201,59406.69,57.6,368.52253,74.34117647,5.1875,53.515,59344034,1.5386,14.87149,9725114,6.721,12.95,6.9,2951,23233.46,4304.57626,6.43,127.84907,188.51332,981,144582.62,206.25,2443,315434.91,802.81,1450,59.48,7.08,17.12,6.3964
20070301,66274.6,63,371.14179,80.1,5.25,56.8125,59232521,1.53408,14.84857,8051182,6.554,13.36,7.04,2744,22571.62,4306.73378,6.35,128.72836,192.25389,916,139307.45,208.5,2271,287889.93,800.03,1350,59.48,7.08,19.7,6.19
20070401,73019.35,64.8,372.99915,82.71764706,5.25,61.8048,61918175,1.52466,14.87593,11278742,6.679,14.1,7.26,3080,23189.33,4292.70639,6.33,130.50319,195.23097,1007,143164.29,208.5,2698,316746.58,800.72,1500,59.48,6.29,15.37,6.1337
20070501,78699.87,68.4,375.11375,83.76470588,5.25,67.665,68906239,1.51525,14.90114,11308861,6.591,14.24,7.12,2991,22968.72,4300.04638,6.23,133.21347,197.07669,975,140971.05,206.25,2357,312811.58,797.95,1350,59.48,6.18,13.73,6.01463
20070601,67108.48,75.6,377.75456,90.04705882,5.4375,67.0385,72442773,1.52425,14.89954,18245969,6.647,13.57,7.26,3048,23233.46,4302.53989,6.02,133.01643,203.02596,852,145290,202.6,2356,323304.91,806.97,1400,59.48,5.73,13.68,6.0334
20070701,71990.09,75.6,379.41286,92.14117647,5.5,70.7124,82442371,1.53562,14.91738,13978795,6.792,14.55,7.15,2922,23079.03,4304.67505,6.09,132.1997,206.29197,836,138889.77,231.25,2276,312811.58,818.76,1450,59.48,4.83,16.03,5.99858
20070801,85715.83,78,381.26083,93.18823529,5.75,76.8355,89045877,1.51585,14.92449,13221390,6.602,13,7.29,2911,23277.58,4304.5652,6.06,135.25283,211.74053,873,153762.62,250.4,2350,323304.91,834.71,1470,59.48,5.06,17.45,5.7795
20070901,106838.86,86.4,384.08554,95.28235294,5.75,71.2232,92988890,1.52394,14.91509,13302502,6.986,12.84,7.73,3032,23299.64,4307.05036,5.84,133.97503,217.20104,863,149719.15,276.25,2368,324616.58,856.21,1550,59.48,5.06,17.78,5.86116
20071001,131846.55,87.6,385.40856,97.37647059,5.75,76.929,99404052,1.5067,14.94172,13923203,6.752,12.84,7.94,2925,23101.09,4294.27568,5.86,137.43997,220.54211,849,145803.66,342.5,2365,315434.91,881.17,1550,59.48,5.06,18.38,5.60238
20071101,130714.91,104.4,387.19075,100.5176471,5.75,81.2105,106017636,1.46422,14.95305,14587274,6.705,12.86,8.58,3010,23365.82,4251.74275,5.86,140.26403,224.1898,1022,149923.55,353,2492,324616.58,893.66,1600,59.48,5.06,18.66,5.39957
20071201,119355.43,108,388.49001,100.5176471,5.75,92.2112,112797835,1.44794,14.97669,12758837,6.406,12.89,9.17,2952,23189.33,4213.86646,5.81,144.32157,226.71306,945,145007.4,334,2429,316746.58,901.28,1550,60.23,5.95,17.23,5.41178
20080101,80100.16,105.6,391.1475,101.5647059,5.5,90.8555,118621455,1.44972,14.97041,21097545,6.618,12.91,9.22,3081,23432.01,4182.96907,5.71,143.19352,229.48817,975,146077.37,380.66667,2476,329863.24,902.67,1600,59.43,5.95,16.3,5.50045
20080201,80443.89,104.4,393.32741,99.47058824,5.5,92.266,127326357,1.4325,14.9757,16991059,6.731,12.89,9.98,3012,23520.25,4054.08983,5.7,144.97426,229.57507,1010,148882.02,380.6,2517,329863.24,905.45,1600,59.43,3.71,19.42,5.38673
20080301,90342.88,106.8,395.42461,99.47058824,5.3,94.5652,131585862,1.41156,14.92858,8488160,6.543,13.06,10.5,2911,22946.66,3903.55622,5.65,145.61809,231.13284,901,146454.16,448.5,2338,308876.58,910.3,1550,59.43,3.71,20.3,5.38636
20080401,99354.32,108,396.97109,99.99411765,5.25,103.508,135595925,1.3852,14.95272,11735389,6.427,13.91,11.01,3177,23454.07,3869.70364,5.61,152.50117,231.99553,974,131065.89,480.75,2537,329863.24,912.38,1700,59.43,3.71,15.54,5.12488
20080501,145125.99,108,399.32669,99.99411765,5.0625,108.061,140320839,1.36402,14.95769,14317279,6.455,13.26,11.47,3065,23387.88,3874.7517,5.53,155.24002,232.25594,961,136819.17,381.8,2287,323304.91,907.53,1600,60.23,4.83,17.78,5.04953
20080601,131466.36,111,400.88292,99.99411765,5,121.9656,146045921,1.36858,14.97886,8280737,6.123,14.01,11.68,3165,23652.62,3860.54434,5.52,152.90067,234.72318,845,167707.68,346.75,2245,332486.57,904.75,1650,60.23,4.16,15.26,5.08386
20080701,112749.6,111,403.9234,96,5,132.0185,150191743,1.37078,14.9482,6384282,6.46,14.71,12.12,3055,23476.13,3918.07373,5.45,152.52087,235.21756,939,150785.56,357.5,2282,325928.24,909.61,1650,60.23,4.16,17.12,5.1459
20080801,94757.33,111,406.97522,97,5,135.2075,151736201,1.35842,14.94518,18194035,6.745,15.22,12.4,3251,23784.99,3922.07922,5.28,155.32622,237.45394,970,153522.67,342.4,3295,337733.24,919.32,1700,60.23,3.71,15.87,5.11205
20080901,49547.81,111,409.9612,99,5,115.0444,162462499,1.39896,14.9599,5797641,6.737,15.6,13.3,2736,23718.8,3919.6436,5.1,148.73328,240.83254,834,152051.03,342.5,2582,336421.57,919.32,1750,59.49,3.49,15.59,5.2825
20081001,16928.36,97.2,413.36207,96,5,98.297,164834511,1.4341,14.96292,7409956,7.253,16.34,14.45,2154,23630.56,3967.49806,5.1,141.26007,239.34767,859,157255.1,297,2446,324616.58,916.54,1700,59.49,3.94,19.97,5.70723
20081101,7016.45,42,416.74988,92.5,4.6,73.4348,167441573,1.47106,14.98233,3561490,7.634,15.94,14.61,1574,23961.47,4037.67437,5.06,132.91298,230.185,805,152820.62,252.25,2595,335109.9,914.46,1800,59.49,9.99,27.85,6.41374
20081201,9936.6,30,418.92906,89,3,52.2995,166927234,1.51155,14.98517,308040,7.835,15.64,15.12,1280,23255.52,3837.54281,4.85,125.00677,213.98423,743,137140.87,247.25,2500,324616.58,911.69,1740,59.49,9.1,33.92,6.9877
20090101,9421.54,26.4,420.67409,88,2,40.404,164628813,1.48255,14.92949,671471,7.549,15.63,13.42,1665,23696.74,3771.8247,4.83,132.46964,210.59059,638,129738.21,239.8,2200,328551.57,910.3,1700,59.49,8.42,36,7.0557
20090201,26173.46,24,421.11724,81,1.6,42.1292,163239294,1.48436,14.76215,6058166,7.065,14.92,12.72,1867,24182.09,3681.84449,4.61,131.95143,194.27391,568,136429.93,256,2230,324616.58,906.14,1730,59.49,9.77,32.99,6.98308
20090301,17601.14,25.8,422.16494,74,1,43.3265,163262882,1.51988,14.61546,2355739,6.762,15.79,10.9,1971,23608.5,3703.19022,4.39,125.75306,181.80509,480,136365.94,245.25,2000,294448.26,902.67,1550,60.29,9.99,32,6.88442
20090401,15261.64,31.2,424.54494,72.5,0.5,46.4355,163936038,1.52557,14.50009,599503,6.946,16.14,9.66,2074,24513,3710.71706,4.3,129.64213,180.1373,463,144660.82,239.5,2457,324616.58,898.51,1800,60.29,10.22,33.32,6.72138
20090501,25880.42,28.8,427.4899,72,0.5,50.175,162881894,1.50412,14.41361,333544,7.053,15.89,8.17,1933,24248.27,3687.09381,4.13,130.31945,178.73755,432,147021.14,242,2380,308876.58,895.04,1740,60.29,10.89,34.58,6.64685
20090601,49307.21,30,430.09867,72,0.5,56.1032,161036941,1.46334,14.31513,413945,7.288,15.69,7.44,2115,24579.19,3639.73223,4.01,133.91788,177.70814,403,132549.98,265.5,2460,314123.25,892.96,1800,60.29,12.24,32.77,6.48228
20090701,47990.33,37.2,433.08856,69,0.5,68.5775,159810572,1.45217,14.22516,1991611,7.22,15.18,7.25,2016,24292.39,3607.11801,3.97,138.24536,171.10301,377,143301.15,265,2380,308876.58,892.27,1750,60.29,13.13,28.34,6.38855
20090801,38047.49,37.2,437.32176,65,0.5,64.8472,157650676,1.4489,14.14514,5343563,7.457,15.1,7.53,2356,24557.13,3578.19622,3.83,138.76309,159.81356,401,150513.63,231.75,2460,314123.25,889.49,1810,60.29,13.36,26.97,6.35806
20090901,25415.48,36,442.32108,61,0.5,72.683,157517571,1.44267,14.08171,3846308,7.893,15.8,7.81,2355,24645.37,3554.66568,3.58,140.69851,155.90454,344,146708.32,217.75,2470,315434.91,888.11,1750,60.29,13.58,26.37,6.05025
20091001,32591.31,34.8,446.5763,58,0.5,67.9775,155963156,1.42383,13.99028,1403668,8.035,16.35,8.32,2079,24380.64,3530.30704,3.47,143.53341,152.79388,539,155499.08,194,2400,304941.59,889.49,1700,61.01,13.36,27.79,5.91393
20091101,65646.84,32.4,452.25312,56.5,0.5,71.8724,152746108,1.39734,13.90761,6108207,8.519,16.14,9.22,2278,24711.55,3516.32427,3.42,145.99246,151.06827,579,150844.21,213,2580,314123.25,888.11,1760,61.01,12.91,25.93,5.64325
20091201,46433.45,33,457.23882,56.5,0.5,76.602,152038550,1.3875,13.82001,4830734,9.145,16.04,9.4,2289,24446.82,3504.63292,3.44,147.37075,151.14636,595,144253.81,225,2510,302318.25,887.41,1756,61.01,12.91,29.21,5.62833
20100101,33270.68,33,462.23964,56,0.5,74.1095,152409956,1.39527,13.71841,4279261,9.881,16.3,10.02,2356,24843.92,3495.05954,3.28,143.80927,150.05912,603,148291.94,217,2600,311499.92,886.72,1815,61.01,12.91,28.61,5.782
20100201,23186.3,35.4,465.94977,56,0.5,76.4284,150505230,1.39952,13.65301,12955053,10.646,15.12,10.06,2338,20872.91,3487.17232,3.19,140.19556,148.67118,646,142769.72,206,3476,294448.26,883.25,1722,61.01,12.69,27.46,5.7618
20100301,29767.69,34.2,473.2177,56,0.5,73.639,150348070,1.41247,13.49231,5344173,12.093,14.57,9.74,2082,20630.24,3484.49907,2.98,134.43758,148.57074,700,146928.72,207,3208,269526.61,880.48,1691,61.01,12.69,31.95,5.93337
20100401,25882.55,34.8,478.00784,56,0.5,78.6655,148934853,1.39915,13.42082,9384051,12.593,14.96,10.59,2553,21181.77,3487.18767,3.07,133.89572,149.38749,779,153911.91,202.33333,3201,293136.59,876.32,1718,61.01,11.79,9.46,5.91627
20100501,40595.12,34.8,485.25029,57.5,0.5,84.1408,147769519,1.38178,13.34217,7464926,13.512,14.43,10.85,2473,20939.09,3498.14928,2.99,132.02236,154.49271,828,143269.16,198,3100,285266.6,871.46,1670,61.01,11.79,21.77,5.92172
20100601,29979.99,33.6,491.56474,59,0.5,75.9455,146880362,1.3993,13.25001,13300737,14.291,14.09,11.33,2400,20983.22,3524.93705,2.8,123.12258,157.19402,716,146955.38,195.75,3200,293136.59,861.75,1725,61.01,12.24,22.59,6.34535
20100701,12125.34,32.4,497.80274,59.5,0.5,74.5965,148596117,1.39895,13.1692,11890372,14.942,13.84,10.56,2020,20740.54,3541.60278,2.75,120.64235,159.86502,746,148755.83,181.25,3353,285266.6,860.37,1654,61.01,11.79,27.52,6.4586
20100801,25203.18,27.6,504.43677,59.5,0.5,75.3896,149335602,1.3781,13.08765,8872731,15.347,13.87,11.21,2006,20762.61,3536.43699,2.72,126.14862,159.87313,770,150760.68,250,3180,293136.59,857.59,1800,61.01,11.79,26.7,6.2663
20100901,31466.11,28.8,512.29511,59,0.5,77.1655,142271631,1.3583,12.96611,6642202,15.82,14.6,11.09,2000,20983.22,3513.71871,2.63,126.93037,159.74033,625,158325.07,288,3401,295759.92,861.75,1763,61.01,11.79,29.49,6.17317
20101001,34034.97,28.8,517.43024,58,0.5,77.2415,138940285,1.33767,12.90284,6019450,15.866,14.62,11,2350,20872.91,3499.15354,2.75,128.07813,158.8037,671,153881.7,287,3215,286578.26,859.67,1757,61.01,11.79,27.96,6.09428
20101101,28493.87,28.8,525.43712,58,0.5,82.0948,136581582,1.30348,12.82257,3641663,16.182,14.75,11.09,2500,21093.52,3495.25969,2.9,136.85771,158.86576,707,158948.91,295,3320,297071.59,866.61,1820,61.01,12.24,26.92,5.8342
20101201,17305.52,27.6,531.84963,57.25,0.5,85.169,132208168,1.29405,12.74491,5528502,16.318,13.62,11.02,2270,20939.09,3493.73758,3,135.14446,157.96507,686,149233.94,290,3002,286578.26,863.83,1613,61.01,12.69,28.5,5.9369
20110101,8587.17,27.6,539.19068,57,0.5,91.0952,131728351,1.30798,12.65391,11780839,16.647,15,11.5,2390,21093.52,3495.80105,3.23,129.9633,157.81495,730,162489.39,336,3100,291824.93,863.14,1700,61.01,13.58,28.07,5.99954
20110201,2959.98,27.6,545.52778,55.5,0.5,96.468,130339159,1.28743,12.58713,10226012,17.079,13.55,11.5,2412,19978.47,3495.27063,3.41,131.8071,156.52021,759,154505.54,351,3100,285266.6,865.92,1700,61.01,13.58,26.37,5.8705
20110301,10199.09,27.6,556.66748,55,0.5,102.9755,125896873,1.27685,12.3775,2941669,17.635,14.05,12.15,2207,18897.69,3496.52916,3.33,134.48437,155.5794,652,153331.38,356,2800,261656.61,865.22,2146,61.01,13.58,28.89,5.73028
20110401,8646.97,27.6,559.47794,54,0.5,114.2625,124699739,1.27025,12.32112,3232098,17.044,14.54,12.48,2250,20085.86,3496.04433,3.48,137.68134,153.77457,755,154622.2,340,3260,282643.26,873.54,2375,61.01,13.58,25.88,5.6011
20110501,9973.65,26.4,565.05216,54,0.5,122.254,121021250,1.24734,12.12404,3258775,16.446,13.56,13.14,2414,20855.94,3493.40893,3.57,142.31374,153.55136,795,155458.82,377,3222,278708.27,877.01,2224,61.74,13.58,22.7,5.41472
20110601,9192.57,25.2,569.69924,54,0.5,114.8795,117245657,1.23982,12.00958,2710565,15.895,14.5,13.66,2426,20527.72,3488.84438,3.6,141.37829,153.55136,909,155102.24,364,3298,280019.93,870.08,2409,61.74,13.58,24.67,5.48758
20110701,9094.36,25.2,576.56584,54,0.5,115.051,113316880,1.2366,11.83052,4528531,15.822,15.23,14.54,2267,20498.41,3486.15608,3.7,140.97682,153.55136,849,155070.4,329,3256,272149.94,874.93,2284,61.74,13.58,25.22,5.47077
20110801,11808.74,21.6,582.25356,52,0.5,115.3852,112241007,1.21626,11.669,2212566,15.426,13.33,14,2330,20771.56,3488.58778,3.79,141.28125,150.09196,852,155367.15,318,3365,280019.93,895.74,2360,61.74,13.58,24.4,5.42878
20110901,20047.72,20.4,589.58334,51.5,0.5,109.638,109421954,1.2149,11.52765,2860622,15.087,14.48,15.95,2538,20790.8,3503.42809,3.84,140.4128,148.28129,825,155388.05,348,3370,281331.6,891.58,2360,61.74,14.26,25.44,5.47307
20111001,23648.85,20.4,594.73476,51,0.5,113.1916,107611194,1.25086,11.44241,1626027,14.94,14.97,16.372,2404,20725.49,3505.34797,3.99,136.29221,146.20185,830,155317.1,345,3260,278708.27,891.58,2300,61.74,15.15,25.82,5.59696
20111101,19064.46,20.4,605.33579,49.5,0.5,109.606,101500067,1.27568,11.24927,1812537,15.206,14.31,17.233,2562,20541.54,3517.41976,4.17,135.34396,142.95034,875,155117.25,313,3370,286578.26,890.19,2380,61.74,15.38,26.53,5.64045
20111201,26111.79,20.4,612.01344,48.5,0.5,110.477,98409480,1.2921,11.15054,3357726,15.073,16.19,17.425,2421,20587.06,3529.35911,4.29,133.41297,141.69103,850,155166.71,283,3300,260344.94,892.96,2300,61.74,15.38,26.26,5.74753
20120101,9644.25,19.2,620.13966,48.5,0.5,108.3128,95053932,1.29744,11.05064,2976296,15.013,15.99,16.5,2374,20112.15,3545.88195,4.38,129.66183,141.46376,873,154650.77,299,3370,266903.27,891.58,2380,61.74,15.38,24.24,5.8957
20120201,6821.08,21.6,626.4574,48,0.5,110.5595,91954308,1.27885,10.96729,4868834,14.835,16.15,16.91,2473,20444.94,3548.8069,4.44,127.18899,139.20304,846,155012.31,302,3280,266903.27,886.03,1733,61.74,15.6,22.27,5.94038
20120301,7576.33,19.05882353,637.01046,47,0.5,117.751,87300400,1.25385,10.77461,1911720,14.433,15.17,15,2174,19731.1,3542.57234,4.34,130.12487,137.30084,830,154236.8,296,3358,257721.61,881.17,1638,61.74,16.05,24.62,5.744
20120401,8372.63,18,642.31009,47,0.5,125.3004,84503123,1.25812,10.6545,1324788,14.805,16.66,15.7,2473,20634.1,3539.96484,4.39,130.33768,136.84629,867,155217.82,292,3259,272149.94,875.62,1678,61.74,16.05,21.72,5.69886
20120501,9699.46,18,648.48217,46.5,0.5,120.1265,77862439,1.25107,10.47912,1584817,14.765,15.8,16.5,2479,20764.13,3538.33155,4.32,129.71602,136.78853,845,155359.08,273,3705,264279.94,866.61,1679,61.74,15.83,22.98,5.75555
20120601,8371.03,15.88235294,654.0869,46.5,0.5,111.6095,72957684,1.25862,10.34592,1782752,14.813,16.45,18,2489,21070.08,3538.4687,4.26,126.60772,137.0689,850,155691.47,293,3677,264279.94,861.06,1678,61.74,15.83,25.71,5.89447
20120701,7762.06,14.82352941,660.91478,46.5,0.5,96.8556,66197013,1.27996,10.20424,3459070,14.63,15.5,17,2429,21017.88,3539.14656,4.17,123.39598,136.44628,798,155634.75,317,3570,256409.95,854.82,1653,61.74,15.38,27.14,6.02636
20120801,5148.83,14.29411765,671.92137,46.5,0.5,102.1205,60669877,1.2604,9.93691,1117412,15.4,14.73,13.8,2281,21062.48,3538.03772,4.02,120.99702,135.5213,813,155683.21,367,3620,262968.28,849.27,1652,61.74,15.38,23.69,6.06267
20120901,7127.55,14.29411765,676.80749,46.5,0.5,112.7864,57444635,1.24866,9.86368,2362540,14.794,15.07,13,2277,21067.4,3536.16129,4.12,121.99305,133.65886,748,155688.55,367,3719,264279.94,853.43,1729,61.74,15.6,22.49,5.9168
20121001,13437.77,13.76470588,680.12225,46,0.5,112.917,56940177,1.23163,9.77929,1171903,14.357,15.97,12.75,2275,21386.63,3528.55379,4.2,126.4895,133.01635,770,156035.35,369,3592,256409.95,850.66,1659,61.74,16.05,24.4,5.76802
20121101,16113.43,13.76470588,684.71192,46,0.5,112.0365,52429260,1.22375,9.66432,739609,13.113,17.04,13,2377,21053.03,3515.31341,4.35,128.07566,132.29025,761,155672.94,380,3528,262968.28,849.96,1580,61.74,16.5,34.41,5.70055
20121201,6816.01,13.76470588,687.83842,46,0.5,109.1864,49180897,1.22288,9.59262,1068232,12.389,17.3,15.85,2431,21135.9,3506.61784,4.39,126.7358,131.92566,713,155762.96,379,3420,251163.28,847.19,1530,61.74,16.72,30.09,5.70712
20130101,7124.65,13.23529412,691.39667,46,0.5,109.376,47086486,1.22025,9.50707,2987804,11.49,16.87,16.8,2330,20616.56,3504.38269,4.33,129.45001,131.32907,577,155198.76,355,3530,260344.94,847.19,1590,61.74,16.72,28.17,5.59905
20130201,8045.09,13.23529412,692.92269,46,0.5,112.268,47164764,1.2242,9.47658,8043925,10.61,15.82,15.31,2497,21330.85,3500.76765,4.31,130.6421,130.75041,512,155974.76,344,4207,257721.61,844.42,1645,61.74,16.72,24.29,5.5515
20130301,7865.65,13.76470588,700.60353,46,0.5,116.526,45826372,1.23795,9.3224,2353770,9.983,15.35,20,2260,19833.99,3496.76867,4.24,131.84158,130.45211,574,154348.58,326,3873,239358.29,849.27,1609,62.47,16.72,25.49,5.51918
20130401,8321.95,14.82352941,701.3745,46.5,0.5,109.1956,45434818,1.2451,9.27888,5895157,9.196,15.18,16,2514,21140.43,3494.16771,4.32,127.77025,130.38777,625,155767.89,334,4251,259033.28,846.5,1619,63.2,16.72,22.98,5.78064
20130501,7970.26,14.82352941,706.38451,47,0.5,102.2525,45909268,1.23825,9.1861,6895546,8.929,15.24,15.464,2392,21328.08,3492.21374,4.29,128.24561,130.58079,664,155971.75,328,3984,249851.62,841.64,1514,63.2,16.72,23.58,5.7976
20130601,10938.69,14.82352941,709.75512,47.5,0.5,102.4776,46314250,1.24842,9.16519,10101764,8.511,14.13,14.3,2416,21495.06,3489.88558,4.27,128.15842,130.99702,654,156153.16,328,4334,252474.95,841.64,1521,63.2,16.72,27.85,5.80914
20130701,11109.88,14.82352941,712.90152,47.5,0.5,102.9195,49115961,1.26035,9.12463,6795213,7.866,14.15,14.485,2391,21455.67,3488.73065,4.18,129.73326,131.13907,623,156110.36,308,4121,238046.62,852.04,1516,63.2,16.72,29.1,5.9073
20130801,15842.96,14.82352941,715.40154,48,0.5,107.8595,49084320,1.26653,9.08927,9063874,6.471,14.63,16.1,2472,21646.38,3487.0902,4.21,128.77269,132.54133,552,156317.55,313,4271,248539.95,851.35,1524,63.2,16.72,21.56,6.0283
20130901,28483.37,14.82352941,718.88113,49,0.5,110.8652,52401083,1.27274,9.0566,6352812,6.216,15.6,15.5,2503,21600.27,3485.8419,4.27,130.91697,133.60634,528,156267.46,313,4207,248539.95,863.83,1518,63.2,17.17,21.5,6.0009
20131001,24636.66,16.41176471,720.75935,50,0.5,112.0025,53798814,1.26248,9.05276,5830975,5.975,16.37,15.6,2443,21548.19,3483.41433,4.29,131.65193,134.0795,529,156210.88,323,4144,236734.96,880.48,1497,63.2,17.17,25.38,5.95915
20131101,15719.31,18,723.18797,52.5,0.5,109.217,53698912,1.24405,9.01903,11315564,5.619,17.39,16,2396,21416.95,3480.65128,4.35,134.51639,135.92477,493,156068.3,336,4116,241981.62,877.01,1268,63.2,12.11,28.01,5.95732
20131201,24473.37,19.05882353,727.57696,53.5,0.5,107.9772,57772246,1.24782,8.96799,14892813,5.777,18.94,18.7,2336,21600.77,3478.9727,4.46,132.99968,137.67444,579,156268,319,4170,235423.29,879.79,1200,63.2,11.92,28.39,6.07474
20140101,12807.52,19.05882353,731.39802,53.5,0.5,110.852,60884565,1.2614,8.92904,16616851,5.786,20.05,18.75,2468,21043.82,3478.32638,4.51,134.90554,138.99192,630,155662.93,292,4369,240669.95,879.09,1234,63.2,11.92,26.37,6.16068
20140201,13138.2,20.11764706,732.37654,55.5,0.5,108.3584,68156510,1.27296,8.93911,16194413,5.694,17.64,19.3,2338,21675.74,3477.16602,6.76,134.16812,145.04892,646,137618.72,281,4466,243293.29,886.03,1311,63.2,11.92,23.64,6.17596
20140301,22872.52381,21.17647059,738.24644,56,0.5,108.887,72349315,1.2659,8.8996,6959441,5.373,17.17,19.419,2200,20082.41,3475.84894,6.36,134.62969,146.41263,562,138464.17,300,4035,219683.3,895.04,1225,63.2,11.92,19.2,6.11415
20140401,14040.9,26.47058824,740.51376,56.5,0.5,107.5575,73420079,1.268,8.9192,7997163,5.58,17.37,18.1,2503,21573.35,3475.81788,8.82,136.18384,146.89703,606,134727.22,346,4556,236734.96,888.11,1279,63.93,11.92,24.9,5.99815
20140501,11804.45,26.47058824,745.12231,57.5,0.5,107.548,73684429,1.25505,8.90754,4247375,5.484,16.49,15.559,2372,21755.08,3474.79301,9.51,136.01882,147.7028,514,141226.34,340,4290,220994.96,883.25,1254,63.93,11.92,28.86,5.97575
20140601,13844.19048,24.35294118,747.24586,58,0.5,109.5,74074683,1.25256,8.8985,5312023,5.282,15.65,14.89,2593,21780.78,3474.57252,7.64,135.40798,149.25757,558,153899.21,322,4467,214436.63,879.79,1257,63.93,11.92,24.53,5.93132
20140701,12315.43478,21.17647059,748.4068,57.5,0.5,111.8335,74643355,1.25133,8.89136,6900942,4.98,14.46,11.925,2351,21842.47,3474.75613,6.56,133.94708,149.06149,525,148208.74,320,4292,190826.65,878.4,1243,63.93,11.92,21.95,6.07005
20140801,14725.9,21.17647059,751.749,56,0.5,107.191,75462595,1.2424,8.8709,4565326,5.081,15.83,10.65,2245,21877.96,3475.42965,8.23,133.49015,148.26915,423,146690.32,283,4530,190826.65,870.77,1285,63.93,11.92,23.54,6.19218
20140901,17347.81818,21.17647059,755.026,55.5,0.5,102.3544,75983995,1.24868,8.84743,2380950,5.028,16.59,10.825,1503,22093.54,3475.71694,7.54,131.12978,146.94383,479,145849.63,285,4661,189514.98,861.75,1481,63.93,15.75,21.71,6.21092
20141001,15694.30435,21.70588235,755.16311,55.25,0.5,97.4835,76617894,1.26305,8.85758,3536086,4.773,17.58,11.75,1533,21967.46,3475.781,7.74,126.5954,146.76768,504,140345.32,281,4584,182956.65,865.92,1499,63.93,15.75,22.22,6.33873
20141101,20868.3,20.11764706,759.34958,54.5,0.5,88.046,76005665,1.27382,8.86128,1080472,5,17.37,13.6,1738,22004.38,3474.91879,8.13,125.12795,146.89023,550,151147.44,290,4373,194761.64,871.46,1475,64.65,15.75,19.87,6.55506
20141201,8909.72222,18,762.54793,54,0.5,79.3355,74325524,1.29735,8.85431,2363938,4.806,16.85,10.5,1636,22092.87,3475.26079,7.74,122.98958,145.43846,524,156932.54,283,4380,189514.98,868,1480,64.65,15.75,20.65,6.8366
20150101,6864.14286,16.94117647,763.18883,54,0.5,63.0655,73458402,1.316,8.84979,1855925,4.347,17.55,10,1774,21496.09,3477.33625,7.44,121.36893,145.16807,480,146238.06,289,4636,198696.64,862.45,1434,64.65,15.75,20.95,7.28683
20150201,6196.05,16.94117647,764.12332,53.5,0.5,49.0628,72674236,1.33572,8.8766,2255851,4.335,17.42,7.5,1720,22291.98,3480.34783,8.53,114.74371,144.45845,467,144453.28,248,4946,194761.64,860.37,1623,64.65,15.75,27.64,7.64324
20150301,5210,13.76470588,769.47764,52,0.5,58.0955,69165688,1.3556,8.81658,1440201,4.23,17.9,7,1434,20734.81,3482.98486,6.46,111.74941,141.73653,423,142639.41,243,4553,176398.32,858.98,1546,64.65,15.75,30.21,7.6108
20150401,5219.7,13.76470588,769.08294,52,0.5,56.09,65393185,1.37922,8.7763,1910215,3.858,16.7,7.25,1569,21749.87,3486.74405,8.82,106.20674,141.63237,361,152010.37,256,5105,194761.64,855.51,1586,64.65,15.75,30.44,7.96378
20150501,6461.31579,12.70588235,769.46931,51.5,0.5,58.004,61610847,1.35684,8.74143,1369847,3.268,16.09,6.85,1520,22120.84,3486.83929,8.43,105.61809,140.2817,324,155169.83,234,4773,186891.65,854.13,1605,64.65,15.75,29.22,7.95665
20150601,7748.31818,11.64705882,767.89555,50,0.5,63.9816,59677754,1.33312,8.69281,1151925,2.763,16.03,7.544,1926,22251.12,3488.85827,7.84,110.06823,138.60209,347,184339.03,234,4986,186891.65,858.98,1557,64.65,15.75,25.72,7.55942
20150701,11881.82609,11.64705882,768.28159,49,0.5,61.6585,56892343,1.3435,8.66597,4629925,2.656,16.4,7.6,1775,22195.97,3492.84446,6.36,111.02335,137.6252,293,187426.55,235,4757,173774.99,856.21,1539,65.38,15.75,25.62,7.79237
20150801,14080.8,11.11764706,770.3871,49,0.5,56.81,57641505,1.36205,8.63935,1863472,2.479,17.21,8.2,1839,22247.88,3495.87477,8.33,108.30275,137.29275,200,182121.44,217,4805,172463.32,858.98,1635,65.38,15.75,22.65,8.12096
20150901,12075.72727,11.11764706,774.12476,48.5,0.5,46.515,55610594,1.39725,8.64817,1674022,2.53,17.72,8.007,1927,22235.95,3505.07694,8.53,109.49478,136.1274,438,165478.32,214,4870,184268.32,868,1455,65.38,15.75,22.07,8.26532
20151001,11448.81818,11.11764706,776.32409,48,0.5,47.7385,54278869,1.4147,8.65496,3287224,2.802,18.87,7.1,2033,22179.93,3508.18708,6.66,110.6426,135.07129,499,171799.69,220,4591,173774.99,865.22,1413,65.38,15.75,20.47,8.2421
20151101,7354.80952,11.11764706,779.68728,47,0.5,48.2548,54198276,1.4037,8.64965,2523151,2.678,18.12,6.7,2065,22045.2,3506.56791,8.72,110.33855,134.41397,437,188968.48,215,4691,181644.98,868,1494,65.38,15.75,23.55,8.30344
20151201,6437.77778,9.529411765,782.09279,46.5,0.5,44.2945,53149065,1.412,8.65994,5142880,2.563,18.4,7.8,2000,22231.59,3518.17272,8.92,105.84631,133.99369,419,201731.92,210,4540,176398.32,861.75,1354,66.1,15.75,23.48,8.61988
20160101,3487.75,9,783.25292,46,0.5,38.544,53524838,1.40732,8.68991,2403210,2.629,18.45,7.3,2100,21346.99,3540.80185,8.62,107.35943,133.64136,451,184886.24,213,4595,184268.32,860.37,1281,66.1,15.75,25.32,8.65305
20160201,3208.09524,7.411764706,782.06578,46,0.5,31.8716,53309232,1.43004,8.68915,845328,2.348,16.14,5.65,1921,22313.02,3550.23783,6.04,107.08634,133.42567,490,179731.37,212,4689,185579.98,690.07,1222,66.58455,14.67,24.44,8.81558
20160301,3009.71429,7.411764706,785.75496,45.5,0.5,31.9755,50008462,1.3999,8.61303,227962,2.115,16.2,5.75,1883,20713.1,3559.92276,4.86,110.01725,131.85698,472,178035.95,200,4628,177709.99,702.37,1198,69.3704,14.67,25.16,8.57848
20160401,6615.04762,7.411764706,785.67217,45,0.5,38.315,47402208,1.37175,8.57543,5681950,2.157,18.11,4.4,2078,22111.3,3565.18757,4.7,109.77693,130.83129,519,186133.96,204,5203,188203.31,718.62,1221,69.72003,14.67,28.85,8.49217
20160501,5859.1,8.470588235,785.63284,45,0.5,40.8732,51032200,1.34996,8.52969,1759884,2.101,18.36,4.25,2063,22347.96,3565.00416,3.68,111.63666,129.64733,506,201218.63,200,4820,184268.32,732.64,1376,65.92986,14.67,30.82,8.2364
20160601,7029.54546,8.470588235,785.11959,44,0.5,46.6165,51488349,1.37102,8.50284,49720,2.243,18.17,4.65,2130,22439.48,3569.46759,5.12,111.3544,130.32884,547,199470.67,194,5089,190826.65,722.05,1433,63.9128,14.67,24.3,8.24757
20160701,7345.85714,8.470588235,785.26877,42,0.5,48.599,50009502,1.35525,8.50859,125362,2.211,16.4,4,2170,22473.29,3572.87215,4.13,110.79284,126.64919,507,197464.22,187,4925,177709.99,727.27,1385,66.67436,14.67,24.17,8.28255
20160801,6966.36364,8.470588235,787.55146,42,0.5,45.272,48206575,1.34908,8.52136,0,2.228,15.93,5.75,2076,22619.02,3578.19209,6.47,109.09682,125.81466,508,174509.27,188,5339,188203.31,725.76,1229,64.36849,14.67,21.13,8.44528
20160901,11618.22727,8.470588235,789.75571,41.75,0.25,45.4425,46890652,1.34508,8.55064,73949,2.019,18.8,5.639,1962,22748.54,3613.53331,8.2,110.65491,125.39401,530,187885.3,190,5341,186891.65,717.74,1216,66.37702,14.67,17.92,8.2616
20161001,10586.19048,8.470588235,791.569,42,0.25,46.8012,45751570,1.35732,8.58652,188303,1.964,18.55,5.6,1940,22519.57,3619.2442,6.07,110.87216,124.66786,451,174992.92,196,5286,184268.32,720.7,1198,63.67392,14.67,18.18,8.1757
20161101,11656.86364,8.470588235,795.69397,42,0.25,49.6885,42882356,1.38672,8.59422,142883,2.053,18.23,6.4,2080,22476.27,3621.51989,7.13,108.47372,124.66786,500,156658.52,194,5494,192138.31,725.19,1193,67.71311,14.67,18.79,8.18242
20161201,8257.17647,8.470588235,796.79982,42,0.25,44.554,41878412,1.41098,8.61548,812020,1.88,18.35,7.3,1909,22612.68,3621.91881,6.88,106.34679,124.66786,494,162733.91,192,5265,182956.65,724.69,1198,65.117,14.67,16.57,8.4191
20170101,9468.61905,8.470588235,798.55619,42,0.25,52.532,41697229,1.43838,8.64489,772837,1.954,18.49,9.5,1980,22798.81,3628.56476,7.84,103.38111,124.02895,523,177133.85,189,5562,194761.64,742.77,1251,64.46979,15.54,18.84,8.59492
20170201,6724.15,9.794117647,799.02668,42,0.25,54.5525,40047361,1.42718,8.69133,1019750,2.169,18.69,9.75,1914,22658.62,3633.95635,7.09,103.79055,123.26636,471,158608.97,208,5673,190826.65,750.22,1244,66.8839,15.8,17.5,8.46278
20170301,14719.47826,9.794117647,805.46275,42,0.25,54.97,36802312,1.41268,8.6604,489861,2.508,17.53,7.2,1565,21177.94,3635.75483,5.67,105.25603,123.16084,392,158477.84,213,5220,175086.65,747.13,1149,66.42322,16.05,14.35,8.2941
20170401,14073.88889,12.70588235,808.3438,42,0.25,51.7824,35022839,1.40714,8.69157,570036,2.886,19.15,5.4,1575,22837.87,3646.43892,6.53,105.16048,123.82916,429,177587.31,188,5719,192138.31,758.6,1291,69.34263,16.3,16.71,8.51988
20170501,12618.57143,13.76470588,812.15737,42.5,0.25,52.445,32311881,1.3986,8.69512,1677029,3.376,18.1,5,1474,22948.75,3646.30525,6.51,105.70201,125.95855,426,165834.31,193,5304,189514.98,766.61,1227,69.89419,16.55,19.04,8.59277
20170601,10039.40909,13.76470588,813.11275,42.5,0.25,50.2605,31716192,1.39614,8.70272,4166146,3.565,17.22,5.5,1610,23279.61,3648.17956,6.12,108.83651,126.68481,455,177839.72,201,5361,194761.64,783.15,1270,67.06121,16.8,23.86,8.4957
20170701,9215.19048,13.76470588,815.24757,42.5,0.25,46.896,32417223,1.38438,8.72583,2055571,3.818,16.74,5.5,1520,23235.55,3648.67225,6.11,110.69678,126.9486,447,163777.92,237,5206,186891.65,774.03,1220,68.95965,16.8,17.5,8.46122
20170801,16102.36364,14.82352941,818.05473,42.5,0.25,48.303,31988899,1.37157,8.73745,4434095,3.873,17.06,5.515,1790,23424.42,3652.98319,6.81,113.64991,125.97502,421,160291.86,221,5377,193449.98,769.36,1234,70.63819,16.8,14.8,8.1478
20170901,19655.66667,15.88235294,819.72634,42.5,0.25,51.654,32670998,1.36212,8.75803,1533150,3.795,18.26,6.3,1790,23388.51,3652.62082,8.49,116.19494,126.50259,418,156464.7,197,5380,192138.31,782.2,1230,71.14264,16.8,15.76,7.9046
20171001,19804.95455,15.88235294,820.25796,42.5,0.25,55.4928,32518619,1.3504,8.80359,6553396,3.624,18.45,7.5,1655,23386.87,3654.90463,7.25,117.23311,126.50259,384,164562.02,220,5751,182956.65,781.93,1249,68.26072,16.8,15.15,7.83828
20171101,19907.09091,13.76470588,820.98811,43,0.25,57.1585,35361607,1.3585,8.84408,6206264,3.179,17.39,7.47,1796,23117.2,3666.06295,8.13,116.17228,128.09686,384.195,173278.43,212,5763,193449.98,772.27,2054,69.98524,16.8,13.03,7.97883
20171201,22680,13.23529412,821.89833,44,0.5,62.3815,38919251,1.3559,8.89785,4772778,3.15,17.87,9.5,1740,23200.11,3677.6747,7.44,115.41074,129.42383,400.259,163429.85,220,5613,181644.98,751.68,2123,69.86215,16.8,18.37,8.15827
20180101,12978,13.76470588,821.76758,44,0.5,64.256,40257101,1.34532,8.949,9683739,2.907,17.28,10.5,1800,23421.65,3700.19767,6.27,116.8637,129.97658,399,159435.56,224,5710,182956.65,753.09,2064,68.84133,16.8,16.55,8.30226
20180201,13537.25,14.82352941,822.36451,44,0.5,69.123,45575253,1.3207,9.01327,10719881,2.921,18.44,11.35,1980,23362.77,3722.46839,7.65,120.35162,131.13879,425,142722.93,227,5914,181644.98,776.78,2573,70.08579,16.8,17.93,7.8998
20180301,12054.14286,16.41176471,826.56034,44.5,0.5,65.4345,50172791,1.31785,9.0348,3835096,2.619,17.44,7.9,1632,21749.95,3747.21552,6.02,121.98399,132.66155,382,149525.57,237,5424,172463.32,766.88,2415,70.15119,16.8,17.97,7.79117
20180401,12484.75,16.41176471,827.6474,46,0.5,66.28,51138405,1.31636,9.09611,3255958,2.388,18.42,7.075,1678,22976.51,3794.12568,8.01,121.21637,134.66258,431,141711.04,230,6237,184268.32,777.39,2531,71.01567,16.8,15.49,7.79688
20180501,15588.80952,16.41176471,829.34406,47,0.5,71.761,51560045,1.31665,9.14474,1785381,2.116,17.01,7.743,1649,23421.69,3816.41342,5.65,120.74309,134.9543,400,156311.97,243,5908,172463.32,795.29,2336.94,69.5876,16.8,18.04,7.84312
20180601,17053.66667,16.41176471,830.97465,47.5,0.5,77.015,51317602,1.33942,9.20797,4296214,2.197,17.29,8.55,1499.89,23738.44,3821.76962,8.64,116.61535,136.63849,360.39,175359.7,244,5381.55,160658.33,801.43,2687.43,71.27762,16.8,18.7,8.0787
20180701,22070.18182,17.47058824,833.16682,48,0.5,74.638,52060404,1.34686,9.25206,2103511,2.198,16.69,10.3,1512.2,23668.01,3819.46838,6.71,114.94034,138.73036,342.78,172711.12,226,5374.52,154100,794.74,2898.58,75.01044,16.8,18.23,8.1252
20180801,24811,17.47058824,835.81136,48,0.5,74.222,51145916,1.3656,9.30478,2746367,2.171,16.06,9.75,1591.26,23662.55,3823.77107,8.76,114.92328,139.14813,330.23,156517.9,247,5383.31,163281.66,783.44,3049.11,73.54572,16.8,18.64,8.14393
20180901,19043.75,17.47058824,838.04429,48,0.75,72.692,50612387,1.36878,9.36391,3551643,2.235,17.73,11.5,1569.43,23808.66,3824.32353,9.43,113.90341,141.09945,315.46,159183.77,248,5432.54,161969.99,772.74,3226.26,73.32383,15.17,18.26,8.32732
20181001,18787.56522,16.41176471,839.6682,49.25,0.75,78.891,51095144,1.36967,9.43043,2382337,2.366,17.77,11.35,1570.15,23836.84,3831.88375,9.1,115.10505,141.67804,340.47,172794.03,243,5245.6,154100,793.31,2926.28,73.48443,15.17,18.22,8.23493
20181101,12560.5,16.41176471,842.00697,50,0.75,81.783,50624524,1.3792,9.48716,2010906,2.56,18.06,10.2,1571.26,23640.79,3848.21382,9.88,113.16963,142.08148,326.27,151296.26,232,5423.16,159346.66,794.06,3096.61,72.38039,12.83,16,8.25082
20181201,14495.625,15.88235294,843.15307,50,0.75,66.1016,51225513,1.37352,9.54172,5728104,2.586,18.86,9.8,1472.49,23688,3879.22994,10.34,112.18763,142.41823,334.82,138224.99,230,5502.86,154100,772.59,2994,73.72475,13.17,19,8.45332
20190101,14297.31818,15.88235294,845.65517,50,0.75,56.4125,52286352,1.37118,9.60001,1217799,2.907,18.75,9.1,1645.06,23992.86,3883.96334,9.28,112.02187,142.41823,335.42,146939.17,233,5532.16,158035,775.64,2986.86,73.24995,11.49,18.62,8.63543
20190201,6906.1,15.88235294,846.36745,51,0.75,59.62283,52115764,1.35737,9.66449,4660850,2.919,15.77,8.5,1618.06,23735.85714,3880.67644,8.3,112.55708,143.01211,252.63,136720.5714,239.5,5872.45,144673,864,3979.85,71.16712,12.91,16.38,8.56895
20190301,5065.52381,14.82954545,849.61579,51,0.75,63.499,52804632,1.3532,9.69923,1899527,2.789,15.29,6.6375,1495.56,20771,3862.86316,7.99,111.95173,143.01211,310.11,128482.2857,237,5772.57,133302.5714,852,3290.48,72.75858,13.61,16.34,8.57135
20190401,6980.2,14.82954545,851.41398,51,0.75,66.7776,51497622,1.35406,9.75021,989913,2.872,17.57,5.32,1707.85,24043.42857,3847.65174,7.02,111.35743,143.01211,245.62,145116.1429,221.6,6137.3,152101.1429,849,4063.92,75.98405,12.54,21.5,8.59382
20190501,12800.61905,14.31818182,852.86059,51,0.75,71.49575,49856419,1.35617,9.78958,5190919,2.836,15.02,5.07433,1685.02,23579.28571,3842.77418,7,110.67839,143.01211,230.51,150105.2857,216.25,5538.52,148244.7143,878,4245.18,70.62704,12.84,29.14,8.56342
20190601,16324.45,14.31818182,854.0876,51,0.75,70.6286,53016793,1.3714,9.83187,2907404,2.781,14.98,5.123,1600.56,25351.14286,3831.85882,8.09,110.09015,143.01211,251.86,162564.7143,209.4,5800.51,152633.8571,867,3989.05,72.65767,14.59,30.32,8.75424
20190701,25474.26087,14.31818182,857.84291,51,0.75,62.978,52652930,1.35973,9.87104,713849,2.962,15.22,4.3475,1472.74,24313.71429,3792.55003,6.56,111.36299,143.01211,261.96,167891.4286,225.75,5753.28,151630.8571,858,3867.99,71.35476,13.65,27.71,8.61767
20190801,26079,14.31818182,861.05335,51,0.75,64.167,51015845,1.3599,9.92107,2444018,3.02,21.8,4.3215,1567.85,25156.71429,3781.30881,12.67,110.63487,142.95936,243.98,182752.4286,220,5810.28,156725.7143,872,4083.62,73.05527,14.07,20,8.58013
20190901,29736.2381,14.31818182,864.20041,51,0.75,60.0584,51315030,1.3836,9.96285,2909845,3.121,21.28,4.484,1685.02,24879.28571,3752.74378,10.94,109.44023,142.95936,253.49,182900.1429,204.2,5448.75,154501.1429,836,3969.56,70.11885,18.52,17.69,8.97916
20191001,23469.30435,14.31818182,867.17053,50.5,0.75,62.3625,51813794,1.37983,9.99985,3991889,3.275,18.8,5.1,1538.47,24278,3746.67921,11.72,108.54559,142.14265,279.66,167042.5714,202.5,5392.68,153098.8571,819,3655.64,70.64356,14.85,18.78,9.00378
20191101,19364.28571,14.31818182,870.7818,50,0.75,59.3395,52197651,1.37115,10.04498,1126884,3.417,21.39,6.2775,1398.54,24721.28571,3734.34282,12.03,108.83579,141.66004,280.3,161858.7143,211.25,5515.05,156504,816,3647.97,72.20968,15.27,15.61,9.1368
20191201,17967.05882,13.80681818,875.66891,49.5,0.75,62.4116,49155049,1.36222,10.07338,2461462,3.856,20.62,5.65,1218.33,23553.28571,3725.94071,11.02,108.93181,140.84333,290.83,144116.8571,217.2,5487.12,149104,834,3521.66,73.47449,16.17,18.08,9.15698
20200101,5071.86364,13.80681818,878.49972,49.5,0.75,65.1393,47417683,1.35645,10.11306,3391221,3.884,19.62,5.3875,1397.82,24352.71429,3723.96891,9.63,109.41714,140.67496,228.85,141883.5714,222,5750.69,156392.7143,810,4265.1,74.29127,15.16,16.18,9.02515
20200201,2171.1,13.29545455,880.05953,49.5,0.75,63.75283,47054629,1.35218,10.15308,2908736,3.981,17.53,4.6284,1613.01,24138.85714,3716.0321,10.56,109.60012,140.50658,361.38,136478.4286,235.8,5706.21,148268.5714,825,2675.55,73.97778,14.71,22.88,8.95736
20200301,2875.81818,13.29545455,885.69127,49.5,0.75,55.4775,44215614,1.39235,10.16756,1621327,4.246,19.48,2.903,1510.96,21205.71429,3690.73116,13.1,107.42544,140.50658,326.7,131761.1429,229,5783.56,137275.7143,801,3091.49,76.7425,14.55,24.07,9.30082
20200401,8781.2,13.29545455,886.12617,49.25,0.3,33.73546,43483444,1.41901,10.20539,1297261,4.077,19.21,3.225,1553.7,23254.14286,3571.73806,14.15,108.53904,140.14658,313.92,137003.7143,227.25,4995.36,149797.8571,800,3244.73,77.62364,14.51,28.61,10.25122
20200501,3989.10526,13.29545455,889.4663,48.5,0.1,26.59952,41365655,1.42745,10.24209,3355351,4.292,21.39,2.2645,1229.52,23612,3601.70069,12.85,106.56257,138.93467,377.8,114654.4286,231,6117.46,138566,810,2478.52,75.6942,13.33,30.89,10.42897
20200601,16518.36364,11.76136364,894.58243,47.5,0.1,32.49,40479253,1.4185,10.27635,999999,4.741,16.86,2.069,1456.55,23703.28571,3527.61933,9.93,107.51853,138.05251,332.17,120693.4286,224.8,3921.77,139219.4286,836,3025.81,74.01383,13.99,24.85,10.10418
20200701,20147.86957,12.78409091,896.65467,47.5,0.1,40.77273,39340005,1.39227,10.3177,1675484,4.524,14.3,2.135,1586.94,23644.14286,3490.7577,8.27,111.01451,136.16304,319.4,130635,215,4769.75,141250,847,3179.05,76.76779,10.69,22.98,9.52715
20200801,18450.1,12.78409091,901.5963,46.5,0.1,43.1787,35906886,1.38714,10.31613,808969,4.709,20.77,2.318,1542.48,25670.71429,3477.73739,9.17,113.03564,135.02329,319.4,151612.5714,222.8,5346.39,148968.5714,803,3179.05,77.02427,13.49,26.23,9.32604
20200901,18315.31818,13.03977273,903.71437,46.5,0.1,45.02905,34454215,1.36815,10.358,1948986,4.572,20.3,3.725,1600.91,24972.71429,3472.8714,11.59,116.6991,134.72114,293.84,155680.1429,225.75,5587.25,149247,786,3485.54,78.29888,17.22,26.02,8.91448
20201001,20807.86364,13.03977273,906.17153,46.5,0.1,41.87364,32660242,1.3656,10.39682,1578424,4.498,21.27,4.6875,1466.7,24161.85714,3467.75559,13.49,116.23852,134.22233,281.07,146298.2857,248.5,5468.87,147750.7143,752,3638.78,80.16247,15.71,28.37,9.12125
20201101,11398.14286,13.03977273,908.71431,46.5,0.1,41.51818,31178008,1.36096,10.40929,1099432,4.356,21.72,5.762,1468.31,24473.85714,3463.39828,17.05,115.61705,133.82905,281.07,144364.8571,272.4,5855.64,156758.2857,756,3638.78,80.70346,20.07,24.72,9.35
20201201,9938.66667,13.03977273,909.75743,46.5,0.1,43.97,30862332,1.34537,10.4516,4237252,3.893,19.88,6.83225,1529.09,24269.85714,3463.55921,12.6,116.79515,133.82905,286.54,134916.2857,272.5,5883.19,156870.4286,783,3573.1,80.93604,18.52,25.94,9.06973
20210101,16463.85,13.03977273,912.86234,46.5,0.1,50.21818,30101260,1.33153,10.49942,3180217,3.912,18.57,10.955,1660.64,24583,3464.0289,13.13,120.01675,134.02569,279.24,133281.5714,270.25,6279.92,161603.5714,799,3660.67,85.21566,19.34,29.34,8.71237
20210201,10673,15.85227273,913.42255,48,0.1,55.3215,29201358,1.32576,10.5326,3371996,3.791,17.53,21.2938,1609.83,24738,3462.45728,14.25,120.12709,136.881,214.43,126712.5714,287.8,6287.54,156592.2857,805,4438.01,86.67371,15.79,31.8,8.50152
20210301,15039.95652,16.61931818,917.02467,49.5,0.1,62.312,26829863,1.33022,10.55561,5819400,3.538,16.63,6.70375,1484.71,22421.28571,3456.66944,15.82,119.02671,138.7765,244.9,118506.2857,287.5,5730.82,144319,813,4072.52,82.54318,16.46,30.82,8.54245
20210401,27031.45,17.89772727,918.30044,51.5,0.1,65.70217,27767063,1.34235,10.60038,4194488,3.631,17.52,6.3875,1562.37,25215.14286,3456.21446,12.2,117.27297,143.13708,178.02,137867.5714,272,6393.61,166022,831,4874.7,85.02693,19.26,30.54,8.53655
20210501,31508.84211,18.40909091,921.6843,53.5,0.1,65.31286,28592861,1.33484,10.62118,5063076,3.622,17.85,7.95,1614.26,24491.57143,3457.32065,15.41,117.70745,146.4851,183.41,136813.7143,284.6,5849.2,162471.1429,849,4810.06,84.18623,14.66,28.99,8.52068
20210601,26693.27273,18.40909091,924.70958,56,0.1,68.34143,28936068,1.33113,10.65515,6204771,3.368,18.08,11.8625,1618.72,25580.14286,3453.46707,16.48,119.56848,150.55678,187.03,147782.7143,296,5559.7,163747.1429,905,4766.59,86.05316,14.95,27.96,8.32395
20210701,27312.36364,20.96590909,927.34418,59,0.1,73.54952,30510271,1.33335,10.70238,3919470,3.423,18.08,10.2025,1633.34,24485.85714,3449.23505,13.44,118.57343,154.29312,211.44,157068.2857,286.75,5747.23,164482.5714,886,4473.88,87.44676,13.67,27.8,8.42515
20210801,40306.85714,20.96590909,931.3458,59.5,0.1,74.08238,29666319,1.35422,10.73849,4874639,3.3,20.23,13.78,1637.44,24503.28571,3448.72228,18.93,116.53226,162.84952,215.88,172733.5714,293.4,5969.33,165598.2857,862,4420.57,83.79065,15.95,27.82,8.76478
20210901,46136.13636,21.47727273,934.01302,59.5,0.1,70.48046,29818844,1.35642,10.78351,5097274,3.353,24.12,16.6625,1624.06,24822.42857,3448.92641,20.41,115.76802,165.94267,226.47,175667.7143,323,6162.72,163729,832,4293.6,85.83981,14.56,30.13,8.8878
20211001,53615.52381,21.98863636,935.83032,60.25,0.1,74.62546,30334806,1.36175,10.83549,5780358,3.273,24.09,22.84,1506.75,23312.14286,3447.98839,21.49,116.28467,169.862,249.73,162549.1429,332.75,5938.27,157691.1429,862,4014.66,86.9571,11.41,27.51,8.6384
20211101,24618.72727,23.52272727,939.77146,60.25,0.1,83.439,29263849,1.35096,10.88088,3267665,3.418,23.1,35.394,1427.03,24357.57143,3449.97255,21.36,114.37491,171.42793,226.61,158627.1429,354.4,6214.29,167646.4286,852,4291.95,93.04546,19.2,24.81,8.48294
20211201,23828.94444,21.47727273,942.09654,60.25,0.1,80.56455,29113742,1.35833,10.93433,2080620,3.555,21.84,33.45,1526.61,23936.35714,3460.10625,20.45,112.13893,172.08123,223.41,148866.4286,380.5,6051.38,171732.5714,843,4330.34,92.53767,18.7,26.98,8.76282
20220101,9800.4,21.47727273,945.03472,60.5,0.19,74.81304,27948925,1.36236,10.98791,1964588,3.524,22.36,39.17,1536.75,24584.14286,3472.26442,17.31,111.38187,172.9657,310.34,145687.5714,379.8,6408.85,179370,881,3287.72,91.03782,17.6,26.37,8.96072
20220201,11590.35,19.43181818,946.45812,60.5,0.25,85.40762,27500513,1.35108,11.05107,4448827,3.617,21.26,29.225,1786.117,24220.14286,3487.94819,17.65,111.35233,173.4645,297.91,139802.7143,376.75,6866.885,172218,916,3508.83,94.76293,15.55,30.06,8.8436
20220301,14167.65217,20.96590909,951.0791,61,0.5,94.1015,26917028,1.3463,11.08568,2826449,3.714,20.53,27.9,1498,22171,3532.30845,19.23,111.82483,173.97967,277.033,131270.2857,390.75,6268.907,156999.7143,939,3168.872,94.34571,16.49,36.74,8.85292
20220401,12732.31579,20.96590909,951.97208,61.5,0.625,112.46304,26616233,1.35708,11.14824,3597030,3.667,10.99,37.25,228,24562.85714,3599.87431,15.2,108.73131,174.59414,299.569,149221.1429,482.5,7278.514,180671.8571,955,3333.301,94.22791,16,34.87,8.82477
20220501,26887,23.01136364,954.22657,62.5,0.75,105.917,25508622,1.36382,11.19377,2871648,3.531,10.68,30.18,293,23957.28571,3677.06451,18.93,106.7954,177.70128,377.456,151098.5714,493.4,6571.016,176376,929,3603.212,93.83781,13.25,32.01,8.92196
20220601,14953.25,24.54545455,956.22481,63,1,111.95955,25419064,1.38443,11.24551,1329686,3.408,10.57,23.19325,388,25092.85714,3742.80616,21.04,103.9334,178.99614,346.761,168969.5714,520,6793.648,182155,933,3619.507,91.59772,13.45,30.1,9.6471
20220701,15580.2381,24.54545455,958.43437,64,1.125,117.50318,24427115,1.38198,11.29852,4067716,3.353,13.36,30.4375,345,24593.14286,3817.53998,19,104.41861,180.70872,254.297,174886.4286,468.25,6235.087,182164.2857,949,3373.505,92.88603,16.12,30.11,9.72735
20220801,7476.13636,23.01136364,960.71429,64.5,1.35,105.12381,24424695,1.39262,11.34552,2565920,3.153,13.11,40.2,277,25313.57143,3934.97352,22.29,100.18275,181.84463,271.727,189742.7143,387.6,6240.469,188043.8571,945,3506.745,89.90585,14.36,30.74,9.9748
20220901,11941.14286,20.96590909,963.09734,64.5,1.75,97.74087,23914957,1.38043,11.39454,2540714,3.114,14.41,55.125,335,25389,4002.90972,22.5,100.15517,182.05567,264.194,190407.5714,380.75,6506.801,188742.2857,939,3660.218,90.53381,15.04,28.84,9.667
20221001,12985.90476,19.43181818,965.29471,64,2.15,90.57091,24333103,1.41244,11.43981,3502617,3.148,15.71,45.4,310,24567.57143,4120.99793,21.69,99.36898,179.65723,248.179,174810.4286,421.8,6413.275,178220.1429,934,3367.458,89.76765,14.96,29.37,10.24862
20221101,8089.77273,19.43181818,967.81046,63,2.25,93.59381,23968975,1.422,11.47678,1259181,2.984,18,31.875,349,25429.14286,4172.6037,24.35,97.81533,178.36058,266.725,168221,438.5,6871.441,192258.1429,916,3512.472,90.4748,12.82,28.44,10.5667
20221201,12119.52941,18.40909091,969.84617,61.5,3,90.85182,23477793,1.38783,11.5123,4471295,2.946,18.18,27.625,335,25075,4257.59226,22.9,100.26847,175.43874,312.126,150351.8571,424,6752.522,188353.7143,940,3734.134,89.81061,16.8,27.24,10.17035
20230101,6921.52381,18.92045455,972.87422,60.5,3.3,81.42857,25351848,1.35138,11.54887,3471858,2.946,16.91,33.8,247,25620.71429,4267.41045,22.66,104.40728,173.58042,247.748,148893.4286,390,7089.457,191121.8571,952,3894.655,90.07869,17.38,30.27,9.84462
20230201,4339.55,18.92045455,973.54021,60.5,3.5,83.99773,25584160,1.3251,11.58981,3393936,2.861,17.67,21.125,383.9,25641.71429,4260.2302,22.89,106.15502,173.9982,250.93,141797.7143,377,7426,186559.4286,947,3777,89.04502,16.48,33.13,9.97088
20230301,13593.78261,18.92045455,977.36996,61,4,83.478,23882475,1.32985,11.62321,962582,2.764,16.31,16.625,353.6,23047.71429,4268.57504,18.75,105.5639,176.44392,207.512,131735,398.25,6732,177120.7143,960,3604,91.24496,14.05,36.12,10.20395
20230401,16535.16667,20.96590909,978.90679,61.5,4.1,79.20696,23328329,1.34008,11.6722,5722944,2.829,20.69,13.4,465.2,26381.57143,4270.64598,20.08,105.53238,178.762,246.229,150589.7143,369.2,7530,201972.7143,994,3967,91.44397,14.97,35.41,10.52254
20230501,16168.1,21.47727273,982.28829,61.75,4.25,83.28222,22027906,1.33008,11.7063,3823384,2.941,15.87,11.8875,544.3,25788.71429,4303.49538,22.28,108.25842,180.86651,258.216,155891.7143,377.25,7070,195312.7143,1011,4062,91.54163,13.85,38.44,10.48568
20230601,13682.27273,20.45454545,985.20054,63,4.4375,75.69478,20403118,1.33957,11.73972,4753750,3.03,18,10.2,603.4,27138,4313.11221,23.26,106.98998,183.92033,310.039,172491.4286,367.75,7093,203099.1429,992,4252,89.50135,12,35.73,10.82323
20230701,12900,18.40909091,987.60788,63.5,4.7,74.97864,20267384,1.3454,11.77609,6995849,3.044,16.55,11.1,485.7,26184.71429,4354.64268,20.74,107.00623,184.35019,326.824,178820.4286,343,6882,198758.8571,1000,4136,89.17437,10.37,29.6,10.78208
20230801,12136.81818,18.92045455,990.18845,63.5,5,80.16,21505070,1.33302,11.8068,3366989,3.068,17.93,11.15,538,26756.14286,4383.6229,16.69,108.88648,184.76796,312.935,191656,346.75,6903,204858,994,4128,89.53052,10.09,29.14,10.24245
20230901,12714.90476,19.94318182,992.30882,64,5.25,85.10435,21379290,1.35027,11.84248,2433726,3.033,16.66,11.85,533.45,27005,4388.76151,20.27,107.43579,184.86106,217,190635.7143,319,7312,202044.4286,981,4162,86.10594,12.26,29.66,10.45107
